,sequence,original,mutated,likelihood,Hydrophobicity_original,Hydrophobicity_mutated,hydrophobicity_difference
0,19.0,S,NA,NA,0.3,,
1,20.0,T,S,0.09667852299999999,-0.4,0.3,-0.7
2,21.0,I,NA,NA,-1.8,,
3,22.0,E,NA,NA,3.0,,
4,23.0,E,F,1.8661465380000002,3.0,-2.5,5.5
5,24.0,Q,T,1.5731783309999998,0.2,-0.4,0.6000000000000001
6,25.0,A,V,2.742407569,-0.5,-1.5,1.0
7,26.0,K,D,1.8716828099999998,3.0,3.0,0.0
8,27.0,T,L,2.8450738705000003,-0.4,-1.8,1.4
9,28.0,F,Y,0.804816895,-2.5,-2.3,-0.20000000000000018
10,29.0,L,F,1.807791321,-1.8,-2.5,0.7
11,30.0,D,NA,NA,3.0,,
12,31.0,K,W,2.5567958429999997,3.0,-3.4,6.4
13,33.0,N,D,1.9811172915,0.2,3.0,-2.8
14,34.0,H,A,3.1695907974999997,-0.5,-0.5,0.0
15,35.0,E,C,1.7921211475,3.0,-1.0,4.0
16,37.0,E,E,0.0,3.0,3.0,0.0
17,38.0,D,NA,NA,3.0,,
18,39.0,L,R,2.3925564805,-1.8,3.0,-4.8
19,40.0,F,NA,NA,-2.5,,
20,41.0,Y,R,1.6800297855,-2.3,3.0,-5.3
21,42.0,Q,C,2.8542852455,0.2,-1.0,1.2
22,45.0,L,NA,NA,-1.8,,
23,46.0,A,NA,NA,-0.5,,
24,48.0,W,NA,NA,-3.4,,
25,49.0,N,NA,NA,0.2,,
26,50.0,Y,NA,NA,-2.3,,
27,51.0,N,NA,NA,0.2,,
28,54.0,I,V,0.11581731049999999,-1.8,-1.5,-0.30000000000000004
29,56.0,E,NA,NA,3.0,,
30,57.0,E,NA,NA,3.0,,
31,59.0,V,NA,NA,-1.5,,
32,60.0,Q,NA,NA,0.2,,
33,61.0,N,NA,NA,0.2,,
34,62.0,M,NA,NA,-1.3,,
35,63.0,N,NA,NA,0.2,,
36,64.0,N,NA,NA,0.2,,
37,65.0,A,W,1.626569683,-0.5,-3.4,2.9
38,67.0,D,NA,NA,3.0,,
39,68.0,K,R,0.363277002,3.0,3.0,0.0
40,69.0,W,NA,NA,-3.4,,
41,71.0,A,NA,NA,-0.5,,
42,72.0,F,Y,2.1718696575,-2.5,-2.3,-0.20000000000000018
43,73.0,L,R,0.4810653735,-1.8,3.0,-4.8
44,74.0,K,H,0.27105400449999995,3.0,-0.5,3.5
45,75.0,E,NA,NA,3.0,,
46,76.0,Q,NA,NA,0.2,,
47,79.0,L,NA,NA,-1.8,,
48,82.0,M,C,1.9731610764999998,-1.3,-1.0,-0.30000000000000004
49,83.0,Y,V,0.7416632525,-2.3,-1.5,-0.7999999999999998
50,84.0,P,NA,NA,0.0,,
51,89.0,Q,NA,NA,0.2,,
52,90.0,N,NA,NA,0.2,,
53,91.0,L,NA,NA,-1.8,,
54,92.0,T,NA,NA,-0.4,,
55,93.0,V,P,1.4456442159999998,-1.5,0.0,-1.5
56,95.0,L,NA,NA,-1.8,,
57,96.0,Q,P,1.1497650039999998,0.2,0.0,0.2
58,98.0,Q,NA,NA,0.2,,
59,102.0,Q,NA,NA,0.2,,
60,273.0,R,NA,NA,3.0,,
61,274.0,F,NA,NA,-2.5,,
62,276.0,T,NA,NA,-0.4,,
63,277.0,N,NA,NA,0.2,,
64,290.0,N,NA,NA,0.2,,
65,324.0,T,NA,NA,-0.4,,
66,325.0,Q,P,2.7637741125,0.2,0.0,0.2
67,326.0,G,G,0.0,0.0,0.0,0.0
68,329.0,E,NA,NA,3.0,,
69,330.0,N,NA,NA,0.2,,
70,343.0,V,NA,NA,-1.5,,
71,345.0,H,NA,NA,-0.5,,
72,346.0,P,A,0.1003061515,0.0,-0.5,0.5
73,347.0,T,NA,NA,-0.4,,
74,349.0,W,NA,NA,-3.4,,
75,350.0,D,F,0.5487911285,3.0,-2.5,5.5
76,351.0,L,F,2.2167970534999997,-1.8,-2.5,0.7
77,352.0,G,NA,NA,0.0,,
78,353.0,K,K,0.0,3.0,3.0,0.0
79,354.0,G,G,0.0,0.0,0.0,0.0
80,355.0,D,D,0.0,3.0,3.0,0.0
81,356.0,F,F,0.0,-2.5,-2.5,0.0
82,357.0,R,NA,NA,3.0,,
83,366.0,M,NA,NA,-1.3,,
84,367.0,D,NA,NA,3.0,,
85,370.0,L,NA,NA,-1.8,,
86,371.0,T,NA,NA,-0.4,,
87,374.0,H,NA,NA,-0.5,,
88,378.0,H,NA,NA,-0.5,,
89,382.0,D,I,1.331021354,3.0,-1.8,4.8
90,383.0,M,NA,NA,-1.3,,
91,386.0,A,L,2.678295467,-0.5,-1.8,1.3
92,387.0,A,NA,NA,-0.5,,
93,388.0,Q,C,0.204717241,0.2,-1.0,1.2
94,389.0,P,D,1.5623128605,0.0,3.0,-3.0
95,390.0,F,F,0.0,-2.5,-2.5,0.0
96,393.0,R,NA,NA,3.0,,
97,394.0,N,NA,NA,0.2,,
98,398.0,E,NA,NA,3.0,,
99,401.0,H,S,0.6016415070000001,-0.5,0.3,-0.8
100,402.0,E,NA,NA,3.0,,
101,406.0,E,NA,NA,3.0,,
102,409.0,S,NA,NA,0.3,,
103,438.0,F,N,0.3628494925,-2.5,0.2,-2.7
104,441.0,K,NA,NA,3.0,,
105,442.0,Q,NA,NA,0.2,,
106,445.0,T,Q,0.510555128,-0.4,0.2,-0.6000000000000001
107,446.0,I,NA,NA,-1.8,,
108,504.0,F,NA,NA,-2.5,,
109,505.0,H,NA,NA,-0.5,,
110,509.0,D,NA,NA,3.0,,
111,510.0,Y,NA,NA,-2.3,,
112,511.0,S,NA,NA,0.3,,
113,512.0,F,NA,NA,-2.5,,
114,514.0,R,NA,NA,3.0,,
115,515.0,Y,NA,NA,-2.3,,
116,518.0,R,G,1.6191449705,3.0,0.0,3.0
